naam;discipline;groep;titel;revisie;revisiedatum;controller
14076000;EL;PRO01_OV11-20;Installatieschema + Vooraanzicht HV-3-OV12 Productiehal 1, aanvoer blik/glas;1;30-8-2022;
12110860;EL;PRO02;TD-UPS-VERDELER Serverruimte TD;1;28-8-2022;
17113700;EL;PRO01;Installatieschema 1600 A Hoofdverdeler HV-5B;1;26-8-2022;
15070500;EL;MAG;Elektrische installaties Plattegrond Magazijn 2, Magazijn 6;6;25-8-2022;
15070600;EL;MAG;Elektrische installaties Plattegrond Magazijn 7, Magazijn 8;3;24-8-2022;
15070800;EL;MAG;Elektrische installaties Plattegrond Magazijn 4;2;24-8-2022;
ex15050100;IA;INP01;Depalletiser (Niko) (133.20.000.014.4);29-7-2022;29-7-2022;
17120200;IA;PRO01_ATC20;Veldkast PRO01_ATC20_VDK04 Voedingswater Steriflow;2;25-7-2022;
22034400;EL;;Verdeler + Installatieschema magazijn 6, 7 & 8;0;1-4-2022;
14050200;IA;INP02;Schakelkast INP02-DEP01-SKK1 Aan-afvoerbanden (de-)pall installatie;4;21-2-2022;
05030200;IA;PRO02;Schakelkast Afvoer LAN/Toevoer Prasmatic Inpakmachine;14;21-10-2021;
12111000;IT;AWZ00;AWZ00_LAN01_NWK1 LAN1 Netwerkkast 1 Waterzuivering;4;15-9-2021;
01030500;IA;PRO01;Schakelkast Glasafschuiver Lijn 1;15;3-8-2021;
ex14030100;IA;;Lijnbesturing Bordes Lijn 6 en 7;22-07-2021;22-7-2021;
21020500;IA;PRO02;INP02_BPK01 Bedieningskast 1 Inpakafdeling 2;0;21-6-2021;
12061000;EL;MAG;MAG2-VERL-MAG2-M4 Mast 4 terreinverlichting;2;26-5-2021;
11040900;IA;INP01;INP01_BST09_VDK01 Veld I/O kast Line Diverter;8;20-7-2026;
03025500;EL;PRO01;Installatieschema 1600A Hoofdverdeler HV-1;25;19-2-2026;
06010400;IA;INP01;INP01_BST03_SKK01 Schakelkast buffertafels;21;18-2-2026;
17110700;IT;PRO01_LAN1;PRO01-LAN1-KAST2 Datakast Steriflow productie 1;4;18-2-2026;
18012100;IA;INP01;INP01_BST08_VDK02 Veldkast lijn 1 en 2;3;18-2-2026;
14040800;IA;INP01;INP01_BST08_SKK01 Schakelkast lijn 1 en 2;4;17-2-2026;
10010700;IT;PRO01_LAN1;PR1-LAN1 Datakast productieruimte PR1;22;6-10-2025;
11090100;IA;PRO02_L6-8;PANF_G/B_L6+8_K2 Schakelkast glastoevoer K2 lijn 6-8;3;7-7-2025;
ex11090100;IA;PRO02_L6-8;Uitbreiding Lijnbesturing N.F. Lijn 6-7-8;12;7-7-2025;
07020600;IA;PRO02_L6-8;PANF_G/B_L6+8_K1 Schakelkast Glastoevoer Lijn 6+8;11;4-7-2025;
08040900;IA;AWZ00;AWZ00_ALG00_SKK1 Algemene schakelkast waterzuivering;10;3-7-2025;
15032200;EL;PRO02;Licht- / krachtverdeler MCC productieruimte 2 HV-4-KK21-K2 dak;3;2-7-2025;
15071500;EL;PRO01_OV21-30;HV-3-OV28 Kantoor inpak;1;27-6-2025;
17084300;IA;PRO01;VBW01_PDB06_SKK1 Opvang appelsap PR001;2;27-6-2025;
21011300;IA;INP02;Schakelkast INP02_VRP01_SKK1;2;27-6-2025;
06010900;IA;PRO01;SK1 Productie Afdeling Oude Fabriek;38;26-6-2025;
09070500;EL;PRO01;Licht/ Krachtverdeler Magazijn 2 K1/ HV-5-K1-33;8;26-6-2025;
10100500;IA;INP02;Schakelkast IANF_L2_K1 IANF Inpak lijn 2;12;26-6-2025;
15020100;IA;PRO02_VBW15;PRO02_VBW15_SKK01 Schakelkast voorbewerking PRO02;21;11-6-2025;
15032000;IT;PRO02_LAN1;PRO02-LAN1-KAST2 Datakast MCC productieruimte 2;5;11-6-2025;
23112900;IA;PRO02;MCC21_BST02_SKK01 Schakelkast lijn besturing PRO02;0;11-6-2025;
08030900;IA;AWZ00;AWZ00_KLB00_SKK1 Schakelkast voor kleibakken;13;4-2-2025;
16040300;EL;PRO02_OV21-30;Installatieschema + Vooraanzicht HV-2-OV30 Productiehal 2 NF, Saplokaal;5;4-12-2024;
24053500;IA;;Besturingskast Waterbuffertank;0;17-10-2024;aa
17120100;IA;PRO01_ATC20;Schakelkast PRO01_ATC20_SKK04 Voedingswater Steriflow;1;29-7-2024;
13031800;IA;PRO01;Schakelkast 1 Producttoevoer PRO01;13;19-7-2024;
05030100;IA;PRO02;Schakelkast Toevoer LAN Laden/Lossen;13;28-6-2024;
02092500;EL;ALGEMEEN;Elektrische installatie Plattegrond Kantoor / Kantine;9;21-6-2024;
02092700;EL;PRO01;Elektrische installatie Installatieschema HV-1-LK1 Stuurstroomschema HV-1-LK1 Vooraanzicht HV-1-LK1;5;21-6-2024;
10010400;IA;PRO01_L4+5;PAOF_L4/5_PB2 Veld IO-kast bij Vullers;12;22-5-2024;
12061300;IT;INP01_LAN1;Datakast IP1_LAN1;7;13-5-2024;
12110900;IT;MAG-7;MAG.7_LAN1 Datakast Magazijn 7;5;13-5-2024;
21091300;IT;PRO02_LAN1;PRO02-LAN1-KAST3 Datakast Inpak productie 2;1;13-5-2024;
12061200;IA;INP01_DEP01;Schakelkast IP1_DEP1_K2 Depalletiser inpak;7;7-5-2024;
17110300;EL;PRO01;Licht- / krachtverdeler HV-5B-6 Steriflow productie 1;2;3-5-2024;
02021600;IA;INP02;Schakelkast Inpaklijn 1;24;30-4-2024;
23102200;IA;AWZ00;AWZI_SIL00_VTK01 Ventielenkast 1 voor wortelsilo's;0;17-4-2024;
23102300;IA;AWZ00;AWZI_SIL00_BPK01 Bedieningspaneel voor wortelsilo's;0;17-4-2024;
07010600;IA;INP01;Schakelkast 4 Inpak Afdeling Oude Fabriek;17;28-3-2024;
10010200;IA;PRO01_L4+5;Schakelkast PAOF_L4/5 PAOF Lijn 4 en 5;13;15-1-2024;
09046200;EL;PRO01;Installatieschema Verdeelinrichting HV-1-LV nieuwb. Kant.;4;12-12-2023;
14065400;EL;PRO01_OV1-10;Installatieschema HV-1-OV2 Productiehal 1, Hal 6;5;12-12-2023;
14065800;EL;PRO01_OV1-10;Installatieschema + Vooraanzicht HV-1-OV3 Productiehal 1, hal 6;4;12-12-2023;
14106200;EL;PRO01_OV21-30;Installatieschema + Vooraanzicht HV-1-OV29 Magazijn 2;2;12-12-2023;
14126700;EL;AWZ00;Installatieschema + Vooraanzicht HV-6-OV1 Fijnzeef;2;12-12-2023;
15070400;EL;MAG;Elektrische installaties Plattegrond Productiehal 1, Magazijn 1;4;12-12-2023;
15070900;EL;MAG;Elektrische installaties Plattegrond Productiehal 2, Magazijn 3;3;12-12-2023;
15071000;EL;AWZ00;Elektrische installaties Plattegrond Zuivering, Kalkhok, Zeefhok;3;12-12-2023;
14041000;IA;PRO02;PRO02-PRA07-02 Bedieningskast worteltoevoer;5;6-12-2023;
14031100;IA;PRO02;PRO02-LBH01-SKK1 Schakelkast ventilatie PRO02;4;5-12-2023;
15032100;EL;PRO02;PRO02-UPS-VERDELER2 UPS verdeler MCC productieruimte 2;4;22-11-2023;
14081100;EL;PRO02;Installatieschema 2000 A Hoofdverdeler HV-2;3;21-11-2023;
03050500;IA;PRO02;Schakelkast Product inname banden;5;29-9-2023;
08030800;IA;AWZ00;AWZ00_PRS01_SKK1 Schakelkast voor propstroom;10;29-9-2023;
13040400;IA;PRO02_TOR3;Schakelkast Toren 3 PRO02;11;29-9-2023;
13060800;IT;BONENLOODS 2;VBW04-LAN1 Datakast bonenloods 2;1;29-9-2023;
15042900;IA;AWZ00;AWZ00_BBL01_SKK1 Bellenbeluchting waterzuivering kleibakken;1;29-9-2023;
14040900;IA;PRO02;PRO02-PRA07-01 Besturingskast worteltoevoer;2;28-9-2023;
17051900;IA;PRO02;PRO02_ATC10_SKK02 Besturingskast ontspantank;5;28-9-2023;
08092700;IA;PRO01_TOR6;PRO01_TOR06_SKK01 Kast besturing toren 6;13;27-9-2023;
12050800;IA;PRO02;Schakelkast PR2_TNBN_K1 Installatie losplaats tuinbonen;5;27-9-2023;
13111200;IA;PRO02;PRO02_VBW09_KAST01 Schakelkast peulvruchtensilo's;2;25-9-2023;
99050500;IA;PRO01;Schakelkast Bonen Sorteerafdeling;12;20-9-2023;
04120500;IA;PRO02;PRO02_ATC10_SKK01 Kast voedingswater Steriflows;14;12-9-2023;
10010300;IA;PRO01_L4+5;PAOF_L4/5_PB1 Veld IO-kast bij Blancheur Lijn 5;5;12-9-2023;
12060200;IA;INP01_DEP01;Schakelkast IP1_DEP1_K1 Depalletiser magazijn 2;5;11-9-2023;
14110800;IA;INP01;INP01_SKK01 Schakelkast afvoerbanden Box / T5;2;11-9-2023;
08092600;IA;PRO01_TOR6;PRO01_TOR06_SKK03 Kast aanvoerbanden toren 6;6;4-9-2023;
03020800;IA;PRO02;Schakelkast Komen & Kuin Schiller;9;31-8-2023;
08092800;IA;PRO01_TOR6;Schakelkast IAOF_K6 Afvoerbanden Toren 6;11;31-8-2023;
17094200;IA;PRO01_ATC20;Veldkast PRO01_ATC20_VDK01 Aan / afvoertransport Steriflow / Lan PRO01;2;31-8-2023;
15041300;IA;PRO01_TOR2;PRO01_TOR02_SKK01 Schakelkast invoer toren 2;7;28-8-2023;
13092300;EL;PRO01;Installatieschema 1600 A Hoofdverdeler HV-5;11;26-7-2023;
13060200;EL;AWZ00;AWZ00_CAR01_KVK1 Krachtverdeler tijdelijke beluchters op carrousel;5;29-6-2023;
12111100;IT;PRO02_LAN1;PR2-LAN1 Datakast Technische ruimte PR2;9;13-6-2023;
23060600;IA;PRO02;PRO02_PRA07_BPK01 Bedieningspaneel Worteltoevoer;0;12-6-2023;
15070700;EL;MAG;Elektrische installaties Plattegrond Magazijn 5;3;10-3-2023;
13092500;EL;PRO01;Installatieschema 1600 A Hoofdverdeler HV-5A;0;17-1-2023;
14065500;EL;PRO01_OV1-10;Installatieschema + Vooraanzicht HV-1-OV10 Productiehal 1, hal 4;5;17-1-2023;
22041100;IA;PRO01_SLK01;PRO01_SLK01_SSK01 Schakelkast Saplokaal;0;16-1-2023;
22041200;IA;PRO01_SLK01;PRO01_SLK01_BPK01 Bedieningspaneel Sap Aanmaak Tank 1;0;16-1-2023;
22041300;IA;PRO01_SLK01;PRO01_SLK01_BPK02 Bedieningspaneel Sap Aanmaak Tank 2;0;16-1-2023;
22041400;IA;PRO01_SLK01;PRO01_SLK01_BPK03 Bedieningspaneel Sap Aanmaak Tank 3;0;16-1-2023;
22041500;IA;PRO01_SLK01;PRO01_SLK01_VTK01 Ventielenkast Sap Aanmaak Tanks;0;16-1-2023;
02092800;EL;ALGEMEEN;Verdeler LK2 Elektrische installatie;3;10-1-2023;
14066000;EL;PRO01_OV1-10;Installatieschema + Vooraanzicht HV-3-OV5 Productiehal 1, hal 6;1;1-12-2022;
14076100;EL;PRO01_OV11-20;Installatieschema + Vooraanzicht HV-3-OV16 Productiehal 1, saplokaal;1;1-12-2022;
14106000;EL;PRO01_OV21-30;Installatieschema + Vooraanzicht HV-3-OV27 Productieshal 1 bij Toren 2;2;1-12-2022;
14125300;EL;PRO01_OV31-40;Installatieschema + Vooraanzicht HV-1-OV35 Magazijn 8;1;1-12-2022;
16032100;EL;PRO02_OV1-10;Installatieschema + Vooraanzicht HV-4-OV7 Productiehal 2 NF;1;1-12-2022;
16043500;EL;PRO02_OV1-10;Installatieschema + Vooraanzicht HV-2-OV7 Inpakmagazijn 3;2;1-12-2022;
11081200;EL;PRO02;Lichtverdeler HV-4-LK8;8;23-11-2022;
11081300;EL;PRO02;Krachtverdeler HV-4-KK21;8;23-11-2022;
13092400;EL;AWZ00;Installatieschema 1600 A Hoofdverdeler HV-6;4;23-11-2022;
14081400;EL;PRO02_OV11-20;Onderverdeler HV-2-OV12;1;23-11-2022;
14101400;EL;PRO01_OV1-10;Onderverdeler HV-5-4-OV1;3;23-11-2022;
08101300;EL;PRO01;Onderverdeler HV ruimte K1/ HV-1-K1-32;6;18-11-2022;
09105600;EL;PRO01_OV1-10;Installatieschema HV-1-OV6 Verdeler productieontwikkeling oude fabriek;4;17-11-2022;
14066200;EL;PRO01_OV1-10;Installatieschema + Vooraanzicht HV-1-OV8 Productiehal 1, hal 5;1;17-11-2022;
09070100;EL;PRO01_OV11-20;Verdeler Schoonmaakruimte HV-1-OV17 Oude kast naam: K1/HV-1-K1-32-K3;5;16-11-2022;
14065600;EL;PRO01_OV11-20;Installatieschema + Vooraanzicht HV-1-OV11 Productiehal 1, hal 3;1;16-11-2022;
14065900;EL;PRO01_OV1-10;Installatieschema + Vooraanzicht HV-1-OV9 Productiehal 1, hal 5, nabij centrale hal;1;16-11-2022;
14127400;EL;AWZ00;Installatieschema + Vooraanzicht HV-6-OV4 Waterzuivering;1;16-11-2022;
14105400;EL;PRO01_OV21-30;Installatieschema + Vooraanzicht HV-1-OV24 Productiehal 1, bonenloods;1;15-11-2022;
14105500;EL;PRO01_OV21-30;Installatieschema + Vooraanzicht HV-1-OV25 Productiehal 1, bonenloods;1;15-11-2022;
03041100;EL;PRO01;Installatieschema 1600A Hoofdverdeler HV-3;5;8-11-2022;
10080200;EL;PRO01;Licht / Kracht verdeler Stortruimte K4/K1/HV-1-K1-32;2;8-11-2022;
14105900;EL;PRO01_OV21-30;Installatieschema + Vooraanzicht HV-1-OV26 Productiehal 1, bij toren 2;3;8-11-2022;
16032000;EL;PRO02_OV1-10;Installatieschema + Vooraanzicht HV-2-OV9 Productiehal 2 NF;1;8-11-2022;
16040100;EL;PRO02_OV11-20;Installatieschema + Vooraanzicht HV-2-OV19 K1+K3 erwtenlijn, bij invoer blancheurs, Productiehal 2 NF;1;8-11-2022;
14125900;EL;PRO02_OV1-10;Installatieschema + Vooraanzicht HV-2-OV2 Acculaadruimte Magazijn 4;2;7-11-2022;
16031600;EL;PRO02_OV31-40;Installatieschema + Vooraanzicht HV-2-OV38 Productiehal 2 NF;1;7-11-2022;
16031800;EL;PRO02_OV1-10;Installatieschema + Vooraanzicht HV-2-OV8 Productiehal 2 NF, Sapbordes;2;7-11-2022;
16041200;EL;PRO02_OV21-30;Installatieschema + Vooraanzicht HV-2-OV22 Productiehal 2 NF;5;7-11-2022;
16050100;EL;PRO02_OV31-40;Installatieschema + Vooraanzicht HV-2-OV32 Werkplaats ETD;1;7-11-2022;
16050500;EL;PRO02_OV1-10;Installatieschema + Vooraanzicht HV-2-OV5 Verdeler naast blancheur lijn 7;1;7-11-2022;
14125200;EL;PRO01_OV31-40;Installatieschema + Vooraanzicht HV-1-OV32 Magazijn 7;1;4-11-2022;
08101200;EL;PRO01;Licht/ Krachtverdeler Toren 6 L1/ HV-1-L1-7;4;3-11-2022;
09105500;EL;PRO01;Diverse installaties Plattegrond Kantoor/Laboratorium;5;3-11-2022;
09105700;EL;PRO01;Installatieschema KP Verdeler Laboratorium oude fabriek;4;3-11-2022;
16031700;EL;PRO02_OV31-40;Installatieschema + Vooraanzicht HV-2-OV35 Productiehal 2 NF, Tarreer lokaal;1;3-11-2022;
16041100;EL;PRO02_OV31-40;Installatieschema + Vooraanzicht HV-2-OV31 Productiehal 2 NF, Ketelhuis t.b.v. slagbomen;1;3-11-2022;
16050400;EL;PRO02_OV31-40;Installatieschema + Vooraanzicht HV-2-OV34 Portacabin bij Werkplaats TD;1;3-11-2022;
09046000;EL;ALGEMEEN;Elektrische installatie Plattegrond nieuwbouw kantoor;3;2-11-2022;
16052700;EL;PRO02_OV1-10;Installatieschema + Vooraanzicht HV-4-OV3 Productiehal 2 NF;1;2-11-2022;
17051500;EL;PRO01;Installatieschema L/K HV-1-K1-33 Magazijn 7;2;2-11-2022;
13100900;IT;ALGEMEEN;Overzichtstekening fabrieksnetwerk;6;4-10-2022;
12110850;EL;PRO02;PR2-UPS-VERDELER Technische ruimte PR2;1;30-9-2022;
13120200;EL;PRO01;PRO01_HV01_KVK05 Krachtverdeler bij glasafschuiver lijn 1;7;30-9-2022;
16121200;EL;AWZ00;Installatieschema + Vooraanzicht HV-6-OV6;1;30-9-2022;
06072300;EL;PRO02_OV11-20;Krachtverdeler HV-4-OV14 Werkplaats;3;31-8-2022;
14126100;EL;AWZ00;Installatieschema + Vooraanzicht HV-6-OV7 Nabij HV-6 in LS ruimte;1;31-8-2022;
14126600;EL;AWZ00;Installatieschema + Vooraanzicht HV-6-OV3 Magazijn 5;1;31-8-2022;
14127500;EL;AWZ00;Installatieschema + Vooraanzicht HV-6-OV2 Zeefhok Waterzuivering;1;31-8-2022;
15026000;EL;MAG;Elektrische installatie Magazijn 10;0;31-8-2022;
04110300;EL;PRO02;Installatieschema Hoofdverdeler 4 (HV-4) Nieuwe Fabriek;15;30-8-2022;
10030500;IT;PRO02_LAN1;TD-LAN1-SERVER Server / datakast serverruimte TD;4;28-4-2021;
12110840;EL;AWZ00;AWZ00_UPS01_LVK1 Verdeler na UPS LAN1 Netwerkkast Waterzuivering;2;10-2-2021;
15022500;IA;PRO02;Schakelkast Kool verwerkingslijn;4;4-1-2021;
04021800;IA;PRO02;Schakelkast K & K Trommel Droogontveller;4;13-12-2019;
19052800;IA;PRO02;BEST_PRO02_VDK4 Kast remote I/O Twist-Off Lijn 6/7;2;21-10-2019;
19091000;IA;PRO01;BEST_PRO01_BDK12 Kast HMI Twist-Off Lijn 1;0;21-10-2019;
19091100;IA;PRO01;BEST_PRO01_BDK13 Kast HMI Twist-Off Lijn 2;0;21-10-2019;
18112400;IA;PRO01;PRO01_LBH02_SKK2 Schakelkast ventilatie ATC20;0;14-10-2019;
19091200;IA;PRO02;BEST_PRO02_BDK09 Kast HMI Twist-Off Lijn 7;0;7-10-2019;
16051800;IA;PRO02_VBW15;PRO02_VBW15_VK02 Schakelkast stortbak 2;6;27-9-2019;
13030500;EL;PRO01;Licht- / krachtverdeler HV-5-4 Bonenloods 2;5;26-9-2019;
03090400;IA;PRO01;Schakelkast Inweeksilo's;8;25-9-2019;
10010500;IA;PRO01_L4+5;PAOF_L4/5_PB3 Veld IO-kast Algemeen;7;25-9-2019;
07020500;IA;PRO02_L6-8;Schakelkast Glasafschuiver Lijn 6-8;8;17-9-2019;
07080700;IA;PRO01;Schakelkast PAOF_L1_GB Glastoevoer Appelmoeslijn;2;17-9-2019;
15030400;IA;PRO02;Schakelkast Schroefstomer;3;12-9-2019;
17094400;IA;PRO01_ATC20;Veldkast PRO01_ATC20_VDK03 Aan / afvoertransport Steriflow / Lan PRO01;1;12-9-2019;
16050300;EL;PRO02_OV31-40;Installatieschema + Vooraanzicht HV-2-OV33 Werkplaats TD;2;25-6-2019;
14106100;EL;PRO01_OV21-30;Installatieschema + Vooraanzicht HV-1-OV30 en HV-1-OV33 Magazijn 6 (KAST KOMT TE VERVALLEN);1;21-6-2019;
14106300;EL;PRO01_OV21-30;Installatieschema + Vooraanzicht HV-1OV28 magazijn 2;1;21-6-2019;
19052900;IA;PRO02;BEST_PRO02_BDK08 Kast HMI Twist-Off Lijn 6;0;20-6-2019;
10095500;EL;MAG;Plattegrond begane grond Magazijn 11 Elektrische installatie;7;14-5-2019;
10095800;EL;MAG;Installatie-/stuurstroomschema Expeditie 1/Magazijn 11 Onderverdeler LK1;7;13-5-2019;
14105700;EL;PRO01_OV21-30;Installatieschema + Vooraanzicht HV-1-OV22 Productiehal 1, inpakafdeling;1;29-10-2018;
17092800;IA;PRO01;PRO01_VBW08_BPK01 Bedieningspaneel inweeksilo's;0;29-8-2018;
18030100;IA;PRO01;Schakelkast UTI03_TAN02_SKK01 Mengtank Ketelhuis PRO01;0;29-8-2018;
18060200;IA;PRO01_ATC20;Koeling schakelkasten steriflows PRO01_ATC20_LBK01;0;29-8-2018;
18051500;IA;PRO01_ATC20;Ventielenkast PRO01_ATC20_VK03 Voedingswater Steriflow;0;20-7-2018;
11020600;IA;INP01;INP01_BST07_SKK01 Schakelkast lijn 3;11;28-6-2018;
17120300;IA;PRO01_ATC20;Veldkast PRO01_ATC20_VDK05 Voedingswater Steriflow;0;11-6-2018;
17120400;IA;PRO01_ATC20;Ventielenkast PRO01_ATC20_VK01 Voedingswater Steriflow;0;11-6-2018;
17120500;IA;PRO01_ATC20;Ventielenkast PRO01_ATC20_VK02 Voedingswater Steriflow;0;11-6-2018;
17110800;EL;PRO01;PRO01-UPS02-LVK01 UPS verdeler Steriflow productie 1;0;18-5-2018;
17110900;EL;PRO01;HV-5B-7 Verdeelinrichting Steriflow produktie 1;0;18-5-2018;
17094700;IA;PRO01_ATC20;Bedieningspaneel PRO01_ATC20_BPK01 Aan / afvoerlijn Autoclaven;0;14-5-2018;
18033700;IA;PRO02;PRO02_BRP01_SKK01 Besturingskast bronpompen;0;14-5-2018;
17094300;IA;PRO01_ATC20;Veldkast PRO01_ATC20_VDK02 Aan / afvoertransport Steriflow / Lan PRO01;0;9-5-2018;
17094100;IA;PRO01_ATC20;Schakelkast PRO01_ATC20_SKK1 Aan / afvoertransport Steriflow / Lan PRO01;0;7-5-2018;
17090200;IA;PRO01;VBW01_PDB05_BPK01 Bedienpaneel appelmoes mengbakken;0;26-3-2018;
12050200;EL;PRO01;Krachtverdeler K1/HV-5-K1-33-K5 Depalletizeerruimte;2;31-8-2017;
12050300;EL;PRO01;Lichtverdeler L1/HV-5-K1-33-K3 Depalletizeerruimte;1;31-8-2017;
17021800;IA;INP01;INP01_BST09_BPK01 Bedienpaneel 1 t.h.v. Prasmatic 3;0;31-5-2017;
17021900;IA;INP01;INP01_BST09_BPK02 Bedienpaneel 2 t.h.v. de verstelbare banden;0;30-5-2017;
14065700;EL;PRO01_OV1-10;Installatieschema + Vooraanzicht HV-1-OV4 Productiehal 1, hal 6;1;19-12-2016;
13050300;IA;BONENLOODS 2;Schakelkast 2 bonenloods 2 VBW04;4;5-12-2016;
